first_name,last_name,email,website_url,commissions_total
Marian,Wood,joz@gmail.com,http://jeludu.io/to,140
Marc,Gonzalez,hobew@witudon.cr,http://joh.ag/lu,79
Beulah,Delgado,vupzib@ned.gp,http://woem.ag/tuneemo,81
Rosetta,Rice,cuvdaj@gmail.com,http://geb.se/lep,
Leroy,Harris,po@hotmail.com,,92
Lura,McKinney,ejudoan@ta.sm,http://voite.ph/lufezcoc,126
Allie,Alexander,zies@yahoo.com,http://bi.hm/jibod,40
Clayton,,boj@gmail.com,http://uvlerbep.ua/puliow,3
Earl,Porter,ipwis@gmail.com,http://katar.so/vaisibi,59
,Carter,osouwved@gmail.com,http://vagtijuw.bz/safjin,197
